f1_entropy,f2_strings_density,f3_log_size,label
6.0099654,2.7407408,5.043728,1
5.5360975,12.987317,4.891543,1
5.93215,8.009009,5.055627,1
6.39218,11.722412,5.9542894,1
7.668298,13.046937,6.5075755,1
6.7321925,9.04197,6.310683,1
6.724148,8.922701,6.320781,1
6.724148,8.922637,6.320784,1
7.2138615,15.332489,5.726582,1
6.0601435,10.234183,5.7079883,1
6.0380177,15.08015,5.0610676,1
6.0380177,14.685608,5.071812,1
6.033757,14.593875,4.9828544,1
6.346829,10.684064,6.0034556,1
4.977799,6.7133493,3.855519,1
4.977799,6.7133493,3.855519,1
4.97642,6.7133493,3.855519,1
6.689131,6.870185,5.6931605,1
6.7696047,15.1625,5.390513,1
4.8831806,9.6244755,5.6616025,1
5.4489694,9.964396,5.6014647,1
6.740413,13.539897,4.882581,1
5.324678,10.407756,5.480931,1
6.815792,15.268966,4.8706436,1
6.784932,12.384316,5.3478274,1
6.74683,7.7442307,5.726304,1
6.7213073,6.059489,4.883008,1
6.8201613,12.657472,5.347761,1
6.8981624,16.163641,5.3262887,1
6.706393,14.15617,5.2863555,1
5.337638,9.29125,5.480928,1
6.828292,9.666191,5.7707443,1
6.8284154,18.394274,4.9928584,1
6.824963,10.5790825,5.603063,1
6.8097687,13.276072,5.9133964,1
6.804858,11.7109375,5.117513,1
6.7487283,19.379755,4.8825245,1
6.8394704,16.155891,5.5696454,1
6.776074,16.003984,4.9839015,1
6.677717,17.763033,4.8833323,1
6.828292,9.666667,5.7707233,1
4.9768367,6.543131,3.8573325,1
5.4511847,6.642259,5.601453,1
6.6976438,7.378005,4.8827295,1
6.7505794,12.783578,5.9133964,1
6.832468,11.7725,5.612361,1
6.541611,8.884018,4.8719287,1
6.7884507,14.841666,5.390513,1
6.7837152,13.421811,5.7344813,1
6.533493,14.512144,4.861833,1
6.7931757,16.15276,4.9839015,1
6.81324,4.5164356,5.494124,1
4.8831806,9.625,5.661579,1
6.8342533,9.8433,5.770743,1
6.7208586,8.859732,4.8366723,1
6.824521,13.875707,5.434366,1
6.7820187,11.272727,4.864612,1
6.017087,9.291872,5.6933784,1
6.584334,8.333673,4.861791,1
4.7659774,6.7682137,3.8233438,1
6.716367,11.966364,4.8807564,1
6.8638935,8.924138,4.8706436,1
6.807094,5.3687444,4.955293,1
6.79296,13.578125,5.117513,1
6.8287354,10.277723,5.775323,1
6.7837796,11.227104,5.794581,1
6.752397,9.560603,5.1175995,1
6.747959,8.627358,4.8806076,1
6.8514056,12.056793,5.603103,1
6.751043,10.379194,4.882883,1
6.782019,9.5220585,5.143842,1
6.7674904,8.614731,5.5154963,1
6.023003,10.122202,5.6933565,1
6.7674904,8.615625,5.5154514,1
3.715001,2.3428571,5.615067,1
5.452163,7.773308,5.601424,1
6.775864,7.6802697,5.693126,1
6.7063937,25.9847,4.9772434,1
6.7829595,15.172982,5.484273,1
6.7877164,7.1049275,5.693148,1
3.7163806,3.0832298,5.615067,1
6.7030244,11.484375,5.117513,1
6.7760324,12.970398,5.484273,1
6.7939663,2.280238,6.4102473,1
6.733579,5.47651,4.882462,1
6.7639008,6.881365,5.143904,1
6.812726,8.686891,5.515482,1
6.476184,9.10625,5.5154514,1
6.765694,10.3275,5.612361,1
6.8333116,18.483334,5.0894847,1
5.452163,7.7736974,5.6014028,1
6.824643,11.21875,6.0206003,1
6.768582,23.280043,4.8828716,1
6.533493,14.516734,4.861696,1
6.8274465,16.816668,5.0894847,1
6.8441005,5.1556206,5.2936563,1
6.795165,12.03857,4.9971724,1
6.791206,12.778181,4.9615016,1
5.4489694,9.965195,5.60143,1
7.886809,15.653136,5.6193614,1
7.8403363,15.346437,5.6198955,1
7.7698073,14.717054,5.4219213,1
7.849579,15.100819,5.528181,1
7.8403363,15.345001,5.619936,1
6.667049,10.113429,5.895096,1
6.6634545,15.497274,6.251473,1
5.504206,2.6601784,6.367575,1
1.4101052,1.126,6.3113303,1
6.4442897,19.5716,6.3439555,1
6.444413,19.571892,6.343949,1
6.3430004,7.0651717,5.9614134,1
5.760841,5.970949,5.1580215,1
5.577807,6.116688,5.1875744,1
7.3205833,10.810262,5.704737,1
7.2742524,10.769165,5.7105126,1
6.3446603,6.10166,5.693348,1
6.016885,4.364713,6.567156,1
7.852801,12.260921,5.747917,1
3.5733926,0.59421897,6.235484,1
6.6363463,8.504059,5.7533264,1
7.09092,9.013663,4.8357224,1
6.1167006,5.8882575,6.033964,1
6.105955,12.412368,5.8626523,1
5.2375007,11.142215,5.16006,1
4.5380745,15.058824,3.9397688,1
3.8976254,6.9166937,3.7937205,1
4.015594,7.3317423,3.7684162,1
3.6130757,7.8296013,3.7398887,1
4.2920437,4.777168,3.862668,1
3.9012637,6.323711,3.8428588,1
4.026434,6.119522,3.8468935,1
4.0155654,6.552381,3.8274338,1
2.5456748,9.867898,3.6974037,1
4.2089705,5.310555,3.8167052,1
3.7423358,7.632298,3.750971,1
3.986428,4.5708284,3.881841,1
4.015594,7.3180194,3.7692297,1
2.5456748,9.496494,3.6456187,1
3.7513,6.627832,3.8122447,1
3.679794,7.917526,3.7350397,1
3.6310527,7.262411,3.7725418,1
3.6270885,7.053961,3.7851875,1
2.2221222,5.013825,3.8416722,1
2.3498313,5.5324965,3.7989268,1
2.510199,5.557223,3.7969904,1
2.5359592,5.039224,3.839478,1
2.2358735,5.917063,3.7697465,1
2.548963,5.7901216,3.7791634,1
2.555381,6.272023,3.7444494,1
2.2358735,5.93522,3.7684162,1
2.4034882,5.8240213,3.7766285,1
2.2984035,5.907024,3.7704837,1
2.3731506,4.9258633,3.849358,1
2.284231,5.1771,3.827757,1
2.2911768,6.224924,3.7477224,1
2.3921802,4.909886,3.8507688,1
2.3921802,4.901591,3.851503,1
2.5153146,5.1222596,3.8323812,1
7.7747784,11.898718,5.8043256,1
6.175796,11.65002,4.963925,1
3.070704,3.7218318,5.43518,1
3.9548373,4.8666244,5.4037004,1
4.7955937,0.046688177,6.2387204,1
7.1818647,13.79352,5.721088,1
5.660159,9.056727,4.7309437,1
5.155857,3.4510498,4.734808,1
4.569768,2.5,4.6123705,1
4.9895,1.4618834,5.0575786,1
5.2633753,2.9887528,4.7307177,1
3.7519064,2.20591,4.692027,1
5.267864,3.1011279,4.730976,1
5.275813,3.0052195,4.731089,1
5.275813,3.0033784,4.731355,1
3.7362547,2.164465,4.691992,1
4.570867,4.42734,5.0221725,1
4.9745383,0.7826087,4.9740925,1
6.3717937,13.263158,5.6782207,1
6.371789,13.263158,5.6782207,1
5.2172117,2.9958858,4.5160594,1
5.204369,2.7172573,4.515702,1
5.225978,3.1537476,4.5158076,1
5.2268624,2.8414955,4.5158076,1
5.2186656,2.9282954,4.516826,1
4.655095,2.4707775,4.613112,1
7.8953238,16.227179,6.075898,1
5.1398263,2.0241935,5.103725,1
5.13931,2.0564516,5.103725,1
5.122263,3.0654206,4.738662,1
5.6208634,3.5326087,5.2751203,1
5.671726,2.5568628,5.416842,1
5.717745,2.1828358,5.4384365,1
4.519406,2.570983,4.6130486,1
4.519406,2.5724878,4.6127944,1
5.2676797,2.857143,4.508624,1
5.194802,2.9822779,4.508893,1
5.200266,2.8529859,4.5092564,1
5.192463,2.9772046,4.5096326,1
4.7648144,1.6973684,4.891119,1
4.5285006,2.6189897,4.613366,1
5.704271,2.155303,5.4319053,1
1.8847622,4.225,4.6123705,0
5.89917,11.241936,5.94882,0
5.6123652,14.996754,5.4988523,0
6.5460267,14.832392,6.513049,0
5.3691463,13.581731,5.3283653,0
4.739869,11.970589,5.143842,0
2.254702,6.75,4.6915503,0
4.985071,10.842105,5.1921463,0
2.6790266,7.125,4.6915503,0
4.2988653,11.463651,4.898906,0
4.296062,12.584598,4.98455,0
5.9358244,11.385,5.9133906,0
4.6723046,8.025012,6.1298475,0
5.91355,10.873015,5.411702,0
5.692786,13.207273,5.8987255,0
4.691778,20.236925,5.2876964,0
4.8112564,10.835151,5.2137647,0
4.6496663,20.528093,5.26873,0
4.9935308,18.829939,5.3709364,0
2.9601982,7.6875,4.6915503,0
4.961707,11.719697,5.130877,0
3.4711914,9.958333,4.6915503,0
4.9764876,12.47973,5.1805644,0
2.8433855,6.2045455,4.6537623,0
5.869089,12.486502,5.945268,0
3.7356598,10.8,4.7884583,0
4.9304166,12.363967,5.2000866,0
5.2800975,11.930392,6.0189004,0
4.4560113,11.967391,4.9740925,0
3.3016703,3.0119047,4.934584,0
1.4128801,7.4828897,4.7032657,0
2.9741817,4.8333335,4.7884583,0
5.0746303,10.57971,5.4512105,0
4.5933537,7.351696,5.7173653,0
5.931352,22.901869,5.6417446,0
6.032962,10.493421,5.1921463,0
4.091233,11.325,4.9133954,0
6.2778673,10.984701,5.457217,0
5.786521,19.716433,5.8319473,0
5.699312,12.085107,5.28446,0
5.7424088,8.967742,5.103725,0
5.7487845,8.975806,5.103725,0
4.6059966,6.415254,5.3832135,0
3.3681536,8.846154,4.7263117,0
4.1755586,10.730648,5.049346,0
2.8724427,7.25,4.6915503,0
5.0813737,12.506411,5.2034273,0
3.7898424,10.925152,4.8261847,0
2.5492525,5.8088236,4.842815,0
4.83951,12.330358,5.0595217,0
3.4748669,9.5,4.7884583,0
2.137783,3.8125,4.6915503,0
3.011867,8.294051,4.8016577,0
4.0515223,10.051601,4.965677,0
4.9475975,11.887931,5.0747614,0
5.664529,12.607693,5.726304,0
5.8365655,12.565246,6.2000713,0
2.3149803,6.75,4.6123705,0
4.254601,7.3479576,5.1121526,0
5.983226,11.642858,5.4574594,0
3.4160116,8.411765,4.842815,0
2.8314967,7.5,4.6915503,0
3.0318437,8.166667,4.6915503,0
2.8502033,7.5,4.6537623,0
2.8925338,6.423077,4.7263117,0
2.8870404,7.4772725,4.6537623,0
3.6449978,7.785714,4.7584953,0
3.3494184,9.15625,4.8164864,0
3.9541223,11.539474,4.891119,0
5.556493,14.348983,5.582483,0
5.3819466,10.086667,5.4874225,0
2.9250133,4.769231,4.7263117,0
3.4072797,7.017857,4.7584953,0
5.3888803,11.606383,5.28446,0
4.864972,12.13592,5.1607475,0
7.069347,12.14942,6.052882,0
4.2451324,11.369689,4.9806805,0
4.4526114,12.841659,5.053359,0
5.562865,13.166667,5.5366406,0
2.3349607,5.5833335,4.6915503,0
4.239284,11.539474,4.891119,0
4.6458826,10.605769,5.0273376,0
4.809006,13.041667,5.0894847,0
3.0394375,9.0,4.6537623,0
5.863053,7.4259257,5.043728,0
3.1140213,5.8958335,4.6915503,0
3.9071205,10.777778,4.867638,0
5.151776,13.59952,5.27123,0
4.7203107,8.973214,5.0595217,0
4.735338,10.965517,5.0747614,0
4.2750783,8.861111,4.867638,0
5.995935,15.807927,6.0032954,0
5.0062413,12.52101,5.414132,0
5.6470175,6.325,5.0894847,0
2.7470727,7.3863635,4.6537623,0
5.2906175,13.856598,5.378385,0
3.9513311,10.3,4.9133954,0
5.609135,14.692091,5.6549935,0
5.27861,15.634793,5.3433237,0
3.4548717,7.890625,4.8164864,0
5.1272526,12.723404,5.28446,0
1.4513648,7.3529654,4.5863285,0
4.2952394,10.8529415,4.842815,0
5.07506,12.107142,5.0595217,0
3.8254483,11.0625,4.8164864,0
6.165226,17.200274,5.8615875,0
5.0553813,10.575,5.2144227,0
5.990978,13.023537,6.206753,0
4.2872953,4.852083,5.691542,0
5.334665,12.561225,5.3025584,0
5.4731784,13.742836,5.4276824,0
5.232313,12.239796,5.3025584,0
5.170434,12.72973,5.1805644,0
1.8003196,5.53125,4.5154634,0
3.3559115,3.6470587,4.842815,0
6.2475586,9.940678,5.3832135,0
3.805449,12.4,4.7884583,0
4.962457,12.197369,5.1921463,0
4.9870358,13.837838,5.1728625,0
4.612089,15.308333,5.0894847,0
2.4128234,4.9583335,4.6915503,0
5.6515765,15.873188,5.7522397,0
4.511877,7.4583335,5.0894847,0
4.393072,4.6086955,4.9740925,0
4.1148324,9.947369,4.891119,0
5.139501,10.814285,5.156431,0
3.5710816,9.779411,4.842815,0
5.106633,14.47093,5.245831,0
5.3522124,15.494186,5.245831,0
2.9866087,8.666667,4.6915503,0
5.8938456,27.758621,5.5518804,0
4.535313,15.625,4.9925756,0
4.290726,11.166667,4.867638,0
4.991341,10.170681,5.517366,0
5.098343,12.07,5.311332,0
1.271557,0.88088155,6.2735553,0
3.6650558,7.3846154,5.0273376,0
1.698237,6.8126087,4.7033343,0
1.7000775,4.025,4.6123705,0
5.186706,12.83,5.311332,0
3.1381981,8.4375,4.8164864,0
5.1320424,17.321428,5.235612,0
3.3716626,8.730769,4.7263117,0
3.7629964,10.366667,4.7884583,0
3.2836847,8.0,4.7884583,0
2.5686214,6.0227275,4.6537623,0
4.588749,7.15,5.010304,0
5.6934257,7.88,5.010304,0
1.6312073,3.9166667,4.566614,0
4.698853,11.394231,5.0273376,0
5.7743964,18.5,5.6417446,0
3.2812576,9.535714,4.7584953,0
5.7564163,10.013672,5.7195706,0
1.6678694,4.125,4.6123705,0
4.926189,13.429487,5.2034273,0
3.6483464,8.644737,4.891119,0
1.8984673,4.45,4.6123705,0
4.6788864,12.609375,5.117513,0
5.5441847,12.527344,5.4185414,0
5.0663996,10.50945,6.0762534,0
3.9661481,3.4158654,5.6293945,0
5.229859,8.80625,5.5154514,0
4.72139,13.203125,5.117513,0
5.2055564,11.733553,5.493175,0
2.4744647,6.25,4.6123705,0
5.0602455,10.147436,5.504456,0
4.1244464,11.501272,5.002637,0
4.3294687,14.434783,4.9740925,0
4.9833555,13.70122,5.2251463,0
4.345212,13.447917,4.9925756,0
4.8855953,12.592857,5.156431,0
1.9194989,5.025,4.6123705,0
5.347202,11.168919,5.1805644,0
5.225009,13.593023,5.245831,0
5.9453115,13.027778,5.928331,0
3.1932049,8.646444,4.797745,0
5.8793483,11.97043,5.580844,0
3.763648,8.3529415,4.842815,0
5.421897,7.625,5.0273376,0
3.6794703,9.722222,4.867638,0
3.8205693,10.85,4.7884583,0
3.0944772,7.9166665,4.6915503,0
6.2243176,9.971723,5.6856565,0
5.79193,7.825,5.2144227,0
4.894184,8.455129,5.2034273,0
5.2344,9.349206,5.411702,0
2.2661607,5.35,4.6123705,0
3.3131928,8.65625,4.8164864,0
2.1049979,5.825,4.6123705,0
2.797187,6.3333335,4.6915503,0
3.2961786,8.634615,4.7263117,0
4.096943,8.958333,4.867638,0
5.9818325,8.014706,5.143842,0
6.1889005,14.974482,5.920132,0
5.7667985,9.689189,5.1805644,0
4.204865,9.583333,4.867638,0
2.3535533,6.4,4.6123705,0
4.708777,11.612049,5.1393533,0
4.4341574,8.446428,5.235612,0
5.324858,15.103795,5.44706,0
